season,week,N_active,scheme,elim_set,accept_rate,feasible,pp_consistency,pp_consistency_se,soft_eps,soft_ess,soft_draws,consistency_mean,margin_mean,consistency_map,margin_map,n_accept,draws,status,prior_source,week_uncertainty
1,1,6,Rank,,1.0,1,1.0,0.0,1e-06,500.0,500,1.0,,1.0,,500,500,ok,initial,1.3282975373343202
1,2,6,Rank,Trista Sutter,0.19817677368212447,1,0.688791886210865,0.015900166276231704,0.3002818514114598,847.8823639418445,2523,1.0,2.0,1.0,0.0,500,2523,ok,smoothed_from_prev,0.9555580029560392
1,3,5,Rank,Evander Holyfield,0.3225806451612903,1,0.5690631307942683,0.016327740016627772,0.1587701612903226,919.8604529397679,1550,1.0,5.0,1.0,2.0,500,1550,ok,smoothed_from_prev,0.8875822336036542
1,4,4,Rank,Rachel Hunter,0.2807411566535654,1,0.7112828769151528,0.015872050088782667,0.4441325098259404,815.1712319683543,1781,1.0,0.0,1.0,0.0,500,1781,ok,smoothed_from_prev,0.6975817127404825
1,5,3,Rank,Joey McIntyre,0.4351610095735422,1,0.531231665884726,0.016120584806841285,0.27567449956483897,958.2539900507949,1149,1.0,1.0,1.0,1.0,500,1149,ok,smoothed_from_prev,0.5704851958709151
2,1,10,Rank,Kenny Mayne,0.26260504201680673,1,0.6786698944686305,0.016463961493811134,0.15104166666666669,804.5282858818435,1904,1.0,6.0,1.0,2.0,500,1904,ok,initial,1.230052569401145
2,2,9,Rank,Tatum O'Neal,0.38255547054322875,1,0.8372811000362355,0.014637881764085637,0.1405891354246366,635.8472800397876,1307,1.0,6.5,1.0,3.0,500,1307,ok,smoothed_from_prev,1.3299334419711646
2,3,8,Rank,Giselle Fernandez,0.16812373907195696,1,0.5720689357768798,0.01566644391837193,0.18940265035065806,997.4274646644407,2974,1.0,3.5,1.0,0.5,500,2974,ok,smoothed_from_prev,1.156643448500143
2,4,7,Rank,Master P,0.2721829069134458,1,0.7627542416635307,0.015968070810351495,0.1120939938305208,709.7055284346665,1837,1.0,5.0,1.0,1.0,500,1837,ok,smoothed_from_prev,1.1689792967325077
2,5,6,Rank,Tia Carrere,0.6906077348066298,1,0.9994809547670541,0.0010180748262937959,0.07227209944751381,500.51872773022035,724,1.0,2.0,1.0,2.0,500,724,ok,smoothed_from_prev,1.067978518737618
2,6,5,Rank,George Hamilton,0.34843205574912894,1,0.7455706121329458,0.01618592364574349,0.15396341463414634,724.0708763870153,1435,1.0,1.0,1.0,0.0,500,1435,ok,smoothed_from_prev,0.956402812662924
2,7,4,Rank,Lisa Rinna,0.3566333808844508,1,0.8748048245615249,0.013064825951489015,0.10162565382786494,641.6401115683287,1402,1.0,2.0,1.0,0.5,500,1402,ok,smoothed_from_prev,0.8342488495480469
3,1,11,Percent,Tucker Carlson,0.3215434083601286,1,0.7949365554136437,0.01557443004460273,0.016791083383250485,672.0419636555466,1555,1.0,0.059174087470844766,1.0,0.03010253316992728,500,1555,ok,initial,1.2530503246431257
3,2,10,Percent,Shanna Moakler,0.11205737337516809,1,0.4616383388577594,0.013760563020433096,0.04153073731421078,1312.5129189349511,4462,1.0,0.06273256809646086,1.0,0.0027584679291866032,500,4462,ok,smoothed_from_prev,1.3043197888564229
3,3,9,Percent,Harry Hamlin,0.11984659635666348,1,0.5196789511257673,0.014744910212131862,0.03977416985821608,1148.1073071313447,4172,1.0,0.06413906179980666,1.0,0.006600210315062471,500,4172,ok,smoothed_from_prev,1.2220198139562657
3,4,8,Percent,Vivica A. Fox,0.20550760378133992,1,0.6397032809317454,0.016200126979454384,0.03817692845041699,878.217421804254,2433,1.0,0.06454978393352465,1.0,0.009861859744541013,500,2433,ok,smoothed_from_prev,1.1596819449800533
3,5,7,Percent,Sara Evans;Willa Ford,0.04952947003467063,1,0.2235038719808975,0.007428069898830908,0.09508550624631092,3145.3746482199253,10095,1.0,0.07538644421793661,1.0,0.0033082154359712623,500,10095,ok,smoothed_from_prev,0.8888535449692464
3,6,5,Percent,,1.0,1,1.0,0.0,1e-06,500.0,500,1.0,,1.0,,500,500,ok,smoothed_from_prev,0.9978212065255739
3,7,5,Percent,Jerry Springer,0.28835063437139563,1,0.7545191826285372,0.016035484250401834,0.05043980795107339,720.317037405788,1734,1.0,0.09088151205672856,1.0,0.0011173753220069527,500,1734,ok,smoothed_from_prev,0.8587661188957165
3,8,4,Percent,Monique Coleman,0.31746031746031744,1,0.7802301424832019,0.01583227940343159,0.050014317969786344,684.0753790992238,1575,1.0,0.10797705292838106,1.0,0.0052665536859293205,500,1575,ok,smoothed_from_prev,0.7186411126595854
3,9,3,Percent,Joey Lawrence,0.3436426116838488,1,0.8004350313274122,0.015534031316544775,0.07799266832009064,661.9756930781016,1455,1.0,0.10687807060244858,1.0,0.0061820567423095385,500,1455,ok,smoothed_from_prev,0.4925293287237081
4,1,11,Percent,,1.0,1,1.0,0.0,1e-06,500.0,500,1.0,,1.0,,500,500,ok,initial,1.3583321553201615
4,2,11,Percent,Paulina Porizkova,0.1069747539580659,1,0.43450156958151165,0.013182239110177045,0.04010784115925898,1413.983636436881,4674,1.0,0.055899241511531333,1.0,0.011009849134316602,500,4674,ok,smoothed_from_prev,1.3949176609204221
4,3,10,Percent,Shandi Finnessey,0.10144045445323595,1,0.39739836756949437,0.012330363599825011,0.054679749019082825,1575.0872498363356,4929,1.0,0.061900406584149414,1.0,0.004813614551266637,500,4929,ok,smoothed_from_prev,1.2908955520687972
4,4,9,Percent,Leeza Gibbons,0.2586652871184687,1,0.7195009479385946,0.016295451850103757,0.02670676943542631,760.0286323892636,1933,1.0,0.06784575090064848,1.0,0.009838653887204174,500,1933,ok,smoothed_from_prev,1.2846355844181716
4,5,8,Percent,Clyde Drexler,0.2502502502502503,1,0.706088033124156,0.01637127435609251,0.03998252929009422,774.3033654636844,1998,1.0,0.07176456733465852,1.0,0.019622462545750063,500,1998,ok,smoothed_from_prev,1.153945059688968
4,6,7,Percent,Heather Mills,0.1946282600233554,1,0.6276906793558196,0.01607394680806682,0.04389163504859857,904.4915937757505,2569,1.0,0.07882099853424834,1.0,0.013745677909312193,500,2569,ok,smoothed_from_prev,1.043041939135559
4,7,6,Percent,John Ratzenberger,0.12103606874848705,1,0.5290724159677147,0.014894815717603184,0.06503864890734559,1123.0497104175524,4131,1.0,0.07242489673381042,1.0,3.724126648618764e-05,500,4131,ok,smoothed_from_prev,0.8689704335271068
4,8,5,Percent,Billy Ray Cyrus,0.25252525252525254,1,0.7113242129265782,0.016349152565053912,0.057904754427627166,768.2232689300773,1980,1.0,0.09961072838253793,1.0,0.0009482836624992719,500,1980,ok,smoothed_from_prev,0.8283076267387157
4,9,4,Percent,Ian Ziering,0.1772421127259837,1,0.5840552402531791,0.0157584961372595,0.0956440216548565,978.2729450102952,2821,1.0,0.08820318154691265,1.0,0.0036895948062229955,500,2821,ok,smoothed_from_prev,0.6277439571912637
5,1,12,Percent,Josie Maran,0.2491280518186348,1,0.7075241758344853,0.016321019122564614,0.01991614643780788,776.8491776061132,2007,1.0,0.05344547174182815,1.0,0.009555031378056161,500,2007,ok,initial,1.2655870218770124
5,2,11,Percent,Albert Reed,0.08179290037624734,1,0.3401890972761524,0.010889275244846869,0.05017617170795177,1892.962137445767,6113,1.0,0.05334511438649947,1.0,0.005913271035477702,500,6113,ok,smoothed_from_prev,1.3912889879523824
5,3,10,Percent,Wayne Newton,0.14894250819183796,1,0.7802378151766408,0.015814791063331148,0.012600020380479826,685.5719527016986,3357,1.0,0.06773224940571229,1.0,0.00604279835491961,500,3357,ok,smoothed_from_prev,1.3107631790673815
5,4,9,Percent,Floyd Mayweather Jr. ,0.14819205690574985,1,0.7776357197040061,0.015817901921394754,0.014900840967701334,691.1041002077536,3374,1.0,0.06968700486433113,1.0,0.011192317322575557,500,3374,ok,smoothed_from_prev,1.2187912843385582
5,5,8,Percent,Mark Cuban,0.1440922190201729,1,0.735630333650251,0.016193644350535403,0.02051740682252377,741.6210668083944,3470,1.0,0.06284213607882427,1.0,0.00906845699590808,500,3470,ok,smoothed_from_prev,1.1430848468410906
5,6,7,Percent,Sabrina Bryan,0.17844396859386152,1,0.5862623494804801,0.01577726571530565,0.048338029539803325,974.4365564753451,2802,1.0,0.0704154438445514,1.0,0.013969230952356193,500,2802,ok,smoothed_from_prev,1.0476102016595532
5,7,6,Percent,Jane Seymour,0.1812250815512867,1,0.5974367157827842,0.01589022830668734,0.056567797803824184,952.5017828625814,2759,1.0,0.08411529409654817,1.0,0.007280070009531681,500,2759,ok,smoothed_from_prev,0.9258879938861918
5,8,5,Percent,Cameron Mathison,0.19904458598726116,1,0.6298859666618457,0.016116279835381293,0.06740797034703104,897.5690847624759,2512,1.0,0.08550542255101579,1.0,0.0008287342134776221,500,2512,ok,smoothed_from_prev,0.7924927981979024
5,9,4,Percent,Jennie Garth,0.25746652935118436,1,0.7150155360518492,0.01632397173487272,0.07194415136139358,764.68926781861,1942,1.0,0.08976628318006385,1.0,0.0022036604436815876,500,1942,ok,smoothed_from_prev,0.6371759520727973
6,1,12,Percent,,1.0,1,1.0,0.0,1e-06,500.0,500,1.0,,1.0,,500,500,ok,initial,1.3713823442161208
6,2,12,Percent,Monica Seles;Penn Jillette,0.07935248373274084,1,0.32859309285415184,0.010514777600138383,0.04649773487362474,1995.4647133429714,6301,1.0,0.05459028201726335,1.0,0.009581627215621169,500,6301,ok,smoothed_from_prev,1.4008076156315807
6,3,10,Percent,Steve Guttenberg,0.10072522159548751,1,0.3939029717725123,0.012315829465664787,0.05007273141751545,1573.9976460829128,4964,1.0,0.058492996298011996,1.0,0.002921305976166466,500,4964,ok,smoothed_from_prev,1.3170034145740654
6,4,9,Percent,Adam Carolla,0.2604166666666667,1,0.7210016899494671,0.016317089938508028,0.027802141344474625,755.5312647574019,1920,1.0,0.0733821937174193,1.0,0.032304989988171995,500,1920,ok,smoothed_from_prev,1.3123070997444053
6,5,8,Percent,Priscilla Presley,0.18867924528301888,1,0.6133957602435537,0.016001952901948897,0.04256752029026978,926.1075113965973,2650,1.0,0.07060950431529511,1.0,0.0017907542813118127,500,2650,ok,smoothed_from_prev,1.1772733659872041
6,6,7,Percent,Marlee Matlin,0.25176233635448136,1,0.70796525055967,0.016336076877314983,0.04197151944182586,774.7310033448766,1986,1.0,0.07899411277170637,1.0,0.005834471922893214,500,1986,ok,smoothed_from_prev,1.0624193722665394
6,7,6,Percent,Shannon Elizabeth,0.1463271875914545,1,0.7502139472915719,0.01613670402688727,0.026280565065582146,719.6538483094972,3417,1.0,0.07331737406425337,1.0,0.002003563750317794,500,3417,ok,smoothed_from_prev,0.901402530159317
6,8,5,Percent,Mario,0.1763046544428773,1,0.5866303444057277,0.01577711382250001,0.06728286620653624,974.1997177001656,2836,1.0,0.08428599640782519,1.0,0.011024115154097958,500,2836,ok,smoothed_from_prev,0.7811013138457541
6,9,4,Percent,Marissa Jaret Winokur,0.2630194634402946,1,0.7283030880852368,0.016237558745046225,0.06622968437851436,750.5080987949609,1901,1.0,0.09537364520371228,1.0,1.4855040043948442e-05,500,1901,ok,smoothed_from_prev,0.6510092110939126
7,1,13,Percent,Jeffrey Ross;Ted McGinley,0.054806532938726296,1,0.24352252223672585,0.0080260575632764,0.040543974816225126,2859.766637912248,9123,1.0,0.0415225331957928,1.0,0.002974486000907217,500,9123,ok,initial,1.1845519348157287
7,2,11,Percent,Kim Kardashian;Misty May-Treanor,0.02497627254108597,1,0.1261856634603514,0.004278727400669686,0.0690389342137231,6022.820843673026,20019,1.0,0.055827556234256365,1.0,0.009543753492459117,500,20019,ok,smoothed_from_prev,1.2652287871213286
7,3,9,Percent,,1.0,1,1.0,0.0,1e-06,500.0,500,1.0,,1.0,,500,500,ok,smoothed_from_prev,1.4374467600287568
7,4,9,Percent,Rocco DiSpirito,0.1772421127259837,1,0.5950287674524047,0.015813002399573277,0.040551053555157895,963.6813693921255,2821,1.0,0.06841934927762233,1.0,0.010261800824315409,500,2821,ok,smoothed_from_prev,1.2330330814325245
7,5,8,Percent,Toni Braxton,0.2145002145002145,1,0.6574178979402924,0.016265028257931066,0.038123143152894674,851.3272776138554,2331,1.0,0.0666005477407082,1.0,0.00814697393927663,500,2331,ok,smoothed_from_prev,1.180533987026847
7,6,7,Percent,Cloris Leachman,0.3263707571801567,1,0.7977110425026032,0.01552294505547354,0.03400499944330738,669.683408899414,1532,1.0,0.08776186656295287,1.0,0.03283852859966874,500,1532,ok,smoothed_from_prev,1.0807667223735475
7,7,6,Percent,Susan Lucci,0.1221597849987784,1,0.5437445894943622,0.015159130450966072,0.057925652985529236,1079.5789193059927,4093,1.0,0.0684665141824124,1.0,0.00879345067032955,500,4093,ok,smoothed_from_prev,0.8939730743704851
7,8,5,Percent,Maurice Greene,0.19098548510313215,1,0.6138943761880301,0.015987917772423036,0.06720181741174398,927.2908412256824,2618,1.0,0.07677662140761998,1.0,0.010561578401432126,500,2618,ok,smoothed_from_prev,0.7794988852802642
7,9,4,Percent,Cody Linley,0.23573785950023574,1,0.6806369628674019,0.016408596985967482,0.07647390309584176,807.3415113674133,2121,1.0,0.07868535868380222,1.0,0.0032355286528921723,500,2121,ok,smoothed_from_prev,0.6458003163855968
8,1,13,Percent,,1.0,1,1.0,0.0,1e-06,500.0,500,1.0,,1.0,,500,500,ok,initial,1.371373180592343
8,2,13,Percent,Belinda Carlisle,0.1080613788631943,1,0.43934319042988934,0.013272627701277065,0.03345973023051372,1398.257558628823,4627,1.0,0.04920707694364278,1.0,0.008900312760318482,500,4627,ok,smoothed_from_prev,1.5507630960642507
8,3,12,Percent,Denise Richards,0.19252984212552945,1,0.6208004342488412,0.01609800614357518,0.028944511288327767,908.3969466279711,2597,1.0,0.050389091042820855,1.0,0.011633837920265275,500,2597,ok,smoothed_from_prev,1.5268174907638692
8,4,11,Percent,Holly Madison;Steve Wozniak,0.08710801393728224,1,0.3513375422339232,0.011147103979956519,0.05209947900717836,1834.083980768861,5740,1.0,0.06220815117374945,1.0,0.011426596645868786,500,5740,ok,smoothed_from_prev,1.3451212040563316
8,5,9,Percent,David Alan Grier,0.12388503468780972,1,0.5543653616457819,0.015296780702698064,0.03561845291182511,1055.7836827155609,4036,1.0,0.06728930501595243,1.0,0.017500004738606717,500,4036,ok,smoothed_from_prev,1.2431489440766479
8,6,8,Percent,Steve-O,0.18409425625920472,1,0.5999924832363616,0.015899587742886946,0.044986876849644475,949.3847132470477,2716,1.0,0.0683075548118659,1.0,0.014806237100023961,500,2716,ok,smoothed_from_prev,1.1440440164666725
8,7,7,Percent,Lawrence Taylor,0.20458265139116202,1,0.6418213958709134,0.016276663348545262,0.0450939935417811,867.7269144945534,2444,1.0,0.07428411812802654,1.0,0.004931865042738626,500,2444,ok,smoothed_from_prev,1.0576264588708877
8,8,6,Percent,Chuck Wicks,0.1368738023542294,1,0.6688878632088068,0.01623052072024365,0.04315489378538027,840.743481809678,3653,1.0,0.0734195193126399,1.0,0.0009084543598417705,500,3653,ok,smoothed_from_prev,0.9228441596359391
8,9,5,Percent,Lil' Kim,0.3078817733990148,1,0.7786818908943571,0.015828838262234107,0.04238836761920499,687.8265615317072,1624,1.0,0.09171986332536686,1.0,0.025660697498378404,500,1624,ok,smoothed_from_prev,0.8126055755667755
8,10,4,Percent,Ty Murray,0.21729682746631898,1,0.6592717127466767,0.016278665557390194,0.08115091090397779,847.686039089321,2301,1.0,0.09765334125802783,1.0,0.013486781136980208,500,2301,ok,smoothed_from_prev,0.688210666427456
9,1,16,Percent,Ashley Hamiliton;Macy Gray,0.049558925562493805,1,0.22587642968228783,0.007457533023654886,0.03236597894746334,3144.0600698481494,10089,1.0,0.03668579572687991,1.0,0.000935076897496584,500,10089,ok,initial,1.214947488731844
9,2,14,Percent,Kathy Ireland,0.1144950767117014,1,0.4823255746966003,0.014191990502275799,0.02706782305513949,1239.6822324508453,4367,1.0,0.05414145328088854,1.0,0.004801724203849972,500,4367,ok,smoothed_from_prev,1.637507500660475
9,3,13,Percent,Debi Mazar;Tom DeLay,0.03485778025655326,1,0.16962512222544382,0.005746747121128458,0.055550849378181555,4265.011448351809,14344,1.0,0.05732974725490386,1.0,0.0014722988394804959,500,14344,ok,smoothed_from_prev,1.484341556392176
9,4,11,Percent,Chuck Liddell,0.1592356687898089,1,0.9063820615269998,0.012238283570982616,0.005194826907726031,566.5383994520315,3140,1.0,0.05781205905607753,1.0,0.016565999817644145,500,3140,ok,smoothed_from_prev,1.442653302335434
9,5,10,Percent,Natalie Coughlin,0.27948574622694244,1,0.7406276048436716,0.016229168581971844,0.02215514773986335,729.341800021787,1789,1.0,0.06577491450239176,1.0,0.006910266071667809,500,1789,ok,smoothed_from_prev,1.403042293188885
9,6,9,Percent,Louie Vito;Melissa Joan Hart,0.07126567844925884,1,0.30081035102398834,0.009771435897939116,0.061759774208540376,2202.7793271622836,7016,1.0,0.07018459674257116,1.0,0.0023323077821197358,500,7016,ok,smoothed_from_prev,1.1480866345640066
9,7,7,Percent,Mark Dacascos;Michael Irvin,0.031942758576630675,1,0.15510709479216894,0.0052115247736687735,0.11477762326200389,4825.07105805638,15653,1.0,0.06352439704959284,1.0,0.0028434878761516846,500,15653,ok,smoothed_from_prev,0.8702458570917688
9,8,5,Percent,Aaron Carter,0.2735229759299781,1,0.7380510548111553,0.016219143962359028,0.05084906348659641,734.9320750225374,1828,1.0,0.09310631921431067,1.0,0.022419204249657043,500,1828,ok,smoothed_from_prev,0.8251616452785857
9,9,4,Percent,Joanna Krupa,0.25201612903225806,1,0.710839180715102,0.01632431987717523,0.07072618773006574,771.3306902838941,1984,1.0,0.09472483100148393,1.0,0.008264342026636506,500,1984,ok,smoothed_from_prev,0.6529509076265805
10,1,11,Percent,,1.0,1,1.0,0.0,1e-06,500.0,500,1.0,,1.0,,500,500,ok,initial,1.378484750589118
10,2,11,Percent,Shannen Doherty,0.05279831045406547,1,0.24112124662137902,0.008054303836439602,0.059289139847409876,2820.6672548835027,9470,1.0,0.047943860828128015,1.0,0.0034835790210849815,500,9470,ok,smoothed_from_prev,1.4031149946563037
10,3,10,Percent,Buzz Aldrin,0.20618556701030927,1,0.6442513779804229,0.01619015635550339,0.03371060902396243,874.37251341641,2425,1.0,0.06825600247318231,1.0,0.018167920663821058,500,2425,ok,smoothed_from_prev,1.3663615962298672
10,4,9,Percent,Aiden Turner,0.21920210434020165,1,0.6612736748323694,0.0162796893153931,0.03598356383740194,845.1581025676247,2281,1.0,0.06856784437730021,1.0,0.013083722885574689,500,2281,ok,smoothed_from_prev,1.3046410746091575
10,5,8,Percent,Kate Gosselin,0.21404109589041095,1,0.6504135074767569,0.016265635895847085,0.044424724836132065,859.4133641767011,2336,1.0,0.07638971897064281,1.0,0.010236448572211398,500,2336,ok,smoothed_from_prev,1.2101962535553505
10,6,7,Percent,Jake Pavelka,0.24545900834560627,1,0.6972623562126452,0.016393882261732377,0.03659605544683903,785.4146942450668,2037,1.0,0.07423607480751909,1.0,5.2236088296075955e-05,500,2037,ok,smoothed_from_prev,1.0322870707171246
10,7,6,Percent,Pamela Anderson,0.17158544955387783,1,0.5773122277190448,0.015637209210023085,0.061777878443919056,997.9572725733044,2914,1.0,0.07273386302306883,1.0,0.005431433526494889,500,2914,ok,smoothed_from_prev,0.8925178028704536
10,8,5,Percent,Niecy Nash,0.2801120448179272,1,0.7439407624283119,0.016160514162956906,0.051125939332072344,729.4045282529156,1785,1.0,0.09797303357238124,1.0,0.00962441988855478,500,1785,ok,smoothed_from_prev,0.83209743859962
10,9,4,Percent,Chad Ochocinco,0.2233139794551139,1,0.6714622390931075,0.01633843333465541,0.07512711004529149,826.3919280542608,2239,1.0,0.09300689037889204,1.0,0.003496678789165819,500,2239,ok,smoothed_from_prev,0.6370165946361588
11,1,12,Percent,David Hasselhoff,0.18037518037518038,1,0.5952849042303012,0.01584573891085229,0.02493061142495926,959.5095057759952,2772,1.0,0.04894495075097302,1.0,0.0015457680657257333,500,2772,ok,initial,1.2272383521585757
11,2,11,Percent,Michael Bolton,0.3599712023038157,1,0.8254052564480712,0.01496880735134304,0.018843144604705493,643.1673604051261,1389,1.0,0.07469197692379725,1.0,0.03761872539869604,500,1389,ok,smoothed_from_prev,1.4690941812870861
11,3,10,Percent,Margaret Cho,0.1721763085399449,1,0.5846251402820423,0.01572660601912108,0.03521222146582566,981.8557338702292,2904,1.0,0.06707305995171556,1.0,0.012972509261497178,500,2904,ok,smoothed_from_prev,1.3547209096648363
11,4,9,Percent,The Situation,0.19500780031201248,1,0.6262871787163193,0.016086222803238938,0.03956657483155727,904.4891457600904,2564,1.0,0.06705211585913462,1.0,0.010704401962322307,500,2564,ok,smoothed_from_prev,1.243775234037914
11,5,8,Percent,Florence Henderson,0.11715089034676664,1,0.5014513979495099,0.014463272553112262,0.049258120202330336,1195.0971439265318,4268,1.0,0.07074816963159153,1.0,0.0004533688881774578,500,4268,ok,smoothed_from_prev,1.125925599490686
11,6,7,Percent,Audrina Patridge,0.08340283569641367,1,0.3371219912552518,0.010832505162699717,0.08138877715277157,1904.4206653519325,5995,1.0,0.06386680216245494,1.0,0.003769015337651338,500,5995,ok,smoothed_from_prev,0.9962901116325897
11,7,6,Percent,Rick Fox,0.22624434389140272,1,0.6767663955251082,0.016359008399206006,0.04492975803536748,817.4126234725296,2210,1.0,0.07716887778765563,1.0,0.00295145990253165,500,2210,ok,smoothed_from_prev,0.938953957140109
11,8,5,Percent,Kurt Warner,0.20721094073767096,1,0.6458305468180155,0.016249126697353893,0.0624760945271386,866.3026315604512,2413,1.0,0.08865601820249114,1.0,0.0016807875238129544,500,2413,ok,smoothed_from_prev,0.7801757421019311
11,9,4,Percent,Brandy,0.34794711203897005,1,0.8147168974502575,0.015249443817471113,0.04879825454475205,649.134258064156,1437,1.0,0.10141548308769399,1.0,0.016107480208623348,500,1437,ok,smoothed_from_prev,0.6765469519790712
12,1,11,Percent,,1.0,1,1.0,0.0,1e-06,500.0,500,1.0,,1.0,,500,500,ok,initial,1.3668892036943097
12,2,11,Percent,Mike Catherwood,0.15128593040847202,1,0.8023604092722934,0.015459470744952537,0.010596254084161412,663.5202682217034,3305,1.0,0.05706714640223404,1.0,0.0006277380893824347,500,3305,ok,smoothed_from_prev,1.4102237322174476
12,3,10,Percent,Wendy Williams,0.3048780487804878,1,0.7652881177957501,0.016021942702769094,0.0253969162659836,699.7287171607567,1640,1.0,0.07073707245799452,1.0,0.004937364627115359,500,1640,ok,smoothed_from_prev,1.4053241739642868
12,4,9,Percent,Sugar Ray Leonard,0.15229972586049345,1,0.822451796162602,0.015095747377415036,0.012087678114170067,640.7926145655217,3283,1.0,0.0625417448916522,1.0,0.005562931958776385,500,3283,ok,smoothed_from_prev,1.2710059757992846
12,5,8,Percent,Petra Nemcova,0.19857029388403494,1,0.628405654856619,0.01614178888281254,0.03985082949268413,896.2018891079688,2518,1.0,0.07159930105658308,1.0,0.0028452550182156977,500,2518,ok,smoothed_from_prev,1.1254371126034552
12,6,7,Percent,Chris Jericho,0.2898550724637681,1,0.7541956130318335,0.016105109961500292,0.033490863775222465,714.7369634234236,1725,1.0,0.07828244168297616,1.0,0.003798506113479927,500,1725,ok,smoothed_from_prev,1.0928923863631026
12,7,6,Percent,Kendra Wilkinson,0.13041210224308816,1,0.6042633046803146,0.015862597335356225,0.04981732992827509,950.3507991618316,3834,1.0,0.07729946350909189,1.0,0.0024163766765279426,500,3834,ok,smoothed_from_prev,0.9243940407176852
12,8,5,Percent,Romeo,0.17421602787456447,1,0.5837551785611406,0.01574292945513275,0.06998986322046154,980.4117126467711,2870,1.0,0.08050520824598523,1.0,0.008852769132796534,500,2870,ok,smoothed_from_prev,0.8044610359197758
12,9,4,Percent,Ralph Macchio,0.4051863857374392,1,0.8556967187242214,0.014228573695779512,0.05253731059272451,609.9206506701571,1234,1.0,0.10827558334283521,1.0,0.019942907053293157,500,1234,ok,smoothed_from_prev,0.7036973367269769
13,1,12,Percent,Metta World Peace (Ron),0.21413276231263384,1,0.66015770639569,0.01624007321176966,0.0231105418182674,850.64657564743,2335,1.0,0.04995582813055652,1.0,0.008510404655401205,500,2335,ok,initial,1.2378493316250976
13,2,11,Percent,Elisabetta Canalis,0.06614631565021828,1,0.28454284268142166,0.009312425406707417,0.057486446747266474,2347.500451817489,7559,1.0,0.05601668811826528,1.0,0.00889375535926304,500,7559,ok,smoothed_from_prev,1.373651811758934
13,3,10,Percent,Kristin Cavallari,0.12342631449024932,1,0.5529876096401992,0.015270759789847144,0.03135751466016665,1060.0190500259905,4051,1.0,0.06021352329462293,1.0,0.0047808892724968965,500,4051,ok,smoothed_from_prev,1.3234790495535982
13,4,9,Percent,Chynna Phillips,0.2296738631143776,1,0.6816707817038341,0.016347818320843553,0.02758142988239315,811.9542828103413,2177,1.0,0.0705967360561417,1.0,0.010274179741938949,500,2177,ok,smoothed_from_prev,1.280692711632983
13,5,8,Percent,Carson Kressley,0.22291573785109228,1,0.667493640102109,0.01630260847857242,0.038853378426684626,835.0892463354168,2243,1.0,0.07260811161701158,1.0,0.002883244699851184,500,2243,ok,smoothed_from_prev,1.1819559509819821
13,6,7,Percent,Chaz Bono,0.21340162185232608,1,0.6547397437946737,0.016270078390256917,0.04788950358188412,853.9569979226917,2343,1.0,0.07212179168421187,1.0,0.0017617461752910124,500,2343,ok,smoothed_from_prev,1.0365308565430114
13,7,6,Percent,David Arquette,0.13502565487442614,1,0.6389590633224874,0.01619237084765606,0.039160586019190625,879.8499192339907,3703,1.0,0.07540896633658817,1.0,0.0026544680583192592,500,3703,ok,smoothed_from_prev,0.9014383940879477
13,8,5,Percent,Nancy Grace,0.22935779816513763,1,0.6692498196534531,0.016379865444946688,0.06185051464544918,825.0261093998206,2180,1.0,0.0797443712820951,1.0,0.005117279087442417,500,2180,ok,smoothed_from_prev,0.787897899929986
13,9,4,Percent,Hope Solo,0.3897116134060795,1,0.8363966591236328,0.014785235549882128,0.0455932699346874,625.9619887718316,1283,1.0,0.0911951978447273,1.0,0.005845579010930635,500,1283,ok,smoothed_from_prev,0.6777706027990343
14,1,12,Percent,,1.0,1,1.0,0.0,1e-06,500.0,500,1.0,,1.0,,500,500,ok,initial,1.366389352242642
14,2,12,Percent,Martina Navratilova,0.23957834211787254,1,0.7035384345638724,0.016274554659967702,0.023796958782066932,787.4772192631905,2087,1.0,0.061964323395094154,1.0,0.00928765054160438,500,2087,ok,smoothed_from_prev,1.5261320621143077
14,3,11,Percent,Jack Wagner,0.1264222503160556,1,0.5741120468715807,0.01561649957759558,0.025374648623101757,1002.5929074252476,3955,1.0,0.06120248784951195,1.0,0.010109589658594598,500,3955,ok,smoothed_from_prev,1.3873699183139891
14,4,10,Percent,Sherri Sheperd,0.16966406515100102,1,0.5707571615968636,0.015558198046390718,0.03694087353307938,1012.1289251984367,2947,1.0,0.06601400333675614,1.0,0.008039925094800005,500,2947,ok,smoothed_from_prev,1.3054382807782434
14,5,9,Percent,Gavin DeGraw,0.28137310073157007,1,0.7535230505822743,0.016092710002252993,0.025444664874280397,717.1573965190914,1777,1.0,0.06430231107310139,1.0,0.027093297858745063,500,1777,ok,smoothed_from_prev,1.2498934983116825
14,6,8,Percent,Gladys Knight,0.22737608003638018,1,0.6760880562613507,0.01636251303607688,0.04177645814292687,817.9565130757549,2199,1.0,0.07140336841698716,1.0,0.003639919473099995,500,2199,ok,smoothed_from_prev,1.172868866667442
14,7,7,Percent,Jaleel White,0.15693659761456372,1,0.8821238686168631,0.013276616168960035,0.009589095767455447,589.9030584994118,3186,1.0,0.07637742586884999,1.0,6.0096779791907196e-05,500,3186,ok,smoothed_from_prev,0.9972551243667338
14,8,6,Percent,Melissa Gilbert;Roshon Fegan,0.060335465186436586,1,0.2593328322747464,0.008512516389460564,0.10622957628504594,2650.7250035440743,8287,1.0,0.08042717666102178,1.0,0.007978145938291936,500,8287,ok,smoothed_from_prev,0.7636765158852111
14,9,4,Percent,Maria Menounos,0.19485580670303976,1,0.6231698917233814,0.016096203098218565,0.0852900907738635,906.369266725431,2566,1.0,0.09145827840111209,1.0,0.0002224469123957018,500,2566,ok,smoothed_from_prev,0.6325065429406371
15,1,13,Percent,Pamela Anderson,0.2209456473707468,1,0.6767286852177612,0.016297740483180945,0.01859530358863036,823.6201425739986,2263,1.0,0.05015082099935454,1.0,0.016770787395997605,500,2263,ok,initial,1.2705920225708764
15,2,12,Percent,Joey Fatone,0.09165902841429881,1,0.3633795886337685,0.011546893732761191,0.042517798507975796,1735.0450270368833,5455,1.0,0.05365529391752913,1.0,0.005749175492966829,500,5455,ok,smoothed_from_prev,1.4342385339160868
15,3,11,Percent,Drew Lachey;Helio Castroneves,0.020484247613585152,1,0.10541673039025844,0.0035792620215069344,0.07422738648449773,7361.110366223293,24409,1.0,0.058218309016181025,1.0,0.007138061424700831,500,24409,ok,smoothed_from_prev,1.2054695675966156
15,4,9,Percent,Bristol Palin,0.1022704029453876,1,0.40052624524805897,0.01244897922587385,0.05482087659452321,1549.2933940976434,4889,1.0,0.06681593697483879,1.0,0.007599456881294903,500,4889,ok,smoothed_from_prev,1.2159929999103172
15,5,8,Percent,,1.0,1,1.0,0.0,1e-06,500.0,500,1.0,,1.0,,500,500,ok,smoothed_from_prev,1.3423907602213165
15,6,8,Percent,Sabrina Bryan,0.06317119393556538,1,0.2752663886843137,0.009069524796539472,0.07763087791820403,2425.283563273437,7915,1.0,0.06240232080274746,1.0,0.002182342272782356,500,7915,ok,smoothed_from_prev,1.0046450576566575
15,7,7,Percent,,1.0,1,1.0,0.0,1e-06,500.0,500,1.0,,1.0,,500,500,ok,smoothed_from_prev,1.2337632237639513
15,8,7,Percent,Gilles Marini;Kirstie Alley,0.05375188131584605,1,0.24230487811673307,0.008012397566291586,0.08958877743197544,2859.773701042963,9302,1.0,0.07583296287576174,1.0,0.006958329823632092,500,9302,ok,smoothed_from_prev,0.898863685557276
15,9,5,Percent,Apolo Anton Ohno;Emmitt Smith,0.10663254425250586,1,0.4229236594277579,0.012922815956569156,0.09660881082473094,1461.4398049979093,4689,1.0,0.09323402710266154,1.0,0.013701863182534246,500,4689,ok,smoothed_from_prev,0.7073781208099816
16,1,12,Percent,,1.0,1,1.0,0.0,1e-06,500.0,500,1.0,,1.0,,500,500,ok,initial,1.3720617152105357
16,2,12,Percent,Dorothy Hamill,0.23201856148491878,1,0.6795597228622597,0.016359905513667585,0.025616531793652274,813.6041348503694,2155,1.0,0.06088534366378623,1.0,0.0024244371207456372,500,2155,ok,smoothed_from_prev,1.5072012838756208
16,3,11,Percent,Wynonna Judd,0.26939655172413796,1,0.732576523306945,0.016256595734626803,0.021469986786529578,741.2988316027356,1856,1.0,0.06500649467643693,1.0,0.006793711219732518,500,1856,ok,smoothed_from_prev,1.4747671947901784
16,4,10,Percent,Lisa Vanderpump,0.17869907076483202,1,0.5920789040070681,0.01587875525394938,0.0336693295025662,957.9058896348039,2798,1.0,0.06448753129039428,1.0,0.0030235100574079465,500,2798,ok,smoothed_from_prev,1.3677535061566684
16,5,9,Percent,D. L. Hughley,0.1932740626207963,1,0.621805574955291,0.01602702155810978,0.042360869793126955,915.5121070315065,2587,1.0,0.06875505031135759,1.0,0.0189842480368618,500,2587,ok,smoothed_from_prev,1.2373899089712557
16,6,8,Percent,Victor Ortiz,0.1610305958132045,1,0.9368813442254158,0.010401223878451304,0.00544154529584201,546.6048031617496,3105,1.0,0.06547094267612091,1.0,0.0060450493625723856,500,3105,ok,smoothed_from_prev,1.1338807996934686
16,7,7,Percent,Andy Dick,0.3389830508474576,1,0.8120463128380215,0.015264744726508402,0.03014248780965282,655.0169775011091,1475,1.0,0.08867976810309575,1.0,0.016289223815210307,500,1475,ok,smoothed_from_prev,1.0733055388277872
16,8,6,Percent,Sean Lowe,0.27932960893854747,1,0.7463242828594265,0.01613441572662597,0.04226364198209524,727.2772174547385,1790,1.0,0.0897460537810677,1.0,0.0009029855906051987,500,1790,ok,smoothed_from_prev,0.9529327027424631
16,9,5,Percent,Ingo Rademacher,0.21303792074989347,1,0.6545573274390233,0.01622774582569593,0.07128356928818289,858.6324160029247,2347,1.0,0.09470026360839207,1.0,0.00776074690899492,500,2347,ok,smoothed_from_prev,0.8182233026029264
17,1,12,Percent,,1.0,1,1.0,0.0,1e-06,500.0,500,1.0,,1.0,,500,500,ok,initial,1.3629548895112304
17,2,12,Percent,Keyshawn Johnson,0.18301610541727673,1,0.5947839817102553,0.015902627809838088,0.027465612875660763,953.0333080908675,2732,1.0,0.052856352235720244,1.0,0.0008233227410056609,500,2732,ok,smoothed_from_prev,1.5380147480023922
17,3,11,Percent,Bill Nye,0.2753303964757709,1,0.7444013370346638,0.016166488993427364,0.023334957083064777,728.0048965321499,1816,1.0,0.056785344923700756,1.0,0.0005312574207798071,500,1816,ok,smoothed_from_prev,1.4178755270057364
17,4,10,Percent,Valerie Harper,0.1926782273603083,1,0.6284197496515833,0.016090398761739545,0.0331662775133655,901.9216957404192,2595,1.0,0.06965641314434035,1.0,0.009065723907314194,500,2595,ok,smoothed_from_prev,1.3388206032961982
17,5,9,Percent,Christina Milian,0.09665571235260004,1,0.37661590731895883,0.011855189231040784,0.053962417407117415,1670.4650531145555,5173,1.0,0.059699852775652484,1.0,0.019493370662770404,500,5173,ok,smoothed_from_prev,1.1742572174082269
17,6,8,Percent,,1.0,1,1.0,0.0,1e-06,500.0,500,1.0,,1.0,,500,500,ok,smoothed_from_prev,1.3601664944064744
17,7,8,Percent,"Nicole ""Snooki"" Polizzi",0.1850481125092524,1,0.617038722177166,0.015936949651087943,0.03829625124035789,930.3725350485681,2702,1.0,0.06812519108479986,1.0,0.00519071463391324,500,2702,ok,smoothed_from_prev,1.155503489804657
17,8,7,Percent,Brant Daugherty,0.14628437682855472,1,0.7500440464060781,0.01613134489527241,0.02279135579346036,720.4587167432878,3418,1.0,0.07008538722493235,1.0,0.0014504324238854283,500,3418,ok,smoothed_from_prev,1.0112352977571362
17,9,6,Percent,Elizabeth Berkley Lauren,0.10752688172043011,1,0.4328760656055433,0.013173528507748647,0.07743572084818948,1414.611937698525,4650,1.0,0.07478914538127429,1.0,0.00303650268464728,500,4650,ok,smoothed_from_prev,0.893673609039452
17,10,5,Percent,Leah Remini,0.27793218454697055,1,0.7515223145664035,0.01607859657617235,0.049466983114734,722.3255820360182,1799,1.0,0.09127757673723291,1.0,0.006083419220805186,500,1799,ok,smoothed_from_prev,0.8529226675540998
18,1,12,Percent,Diana Nyad,0.164257555847569,1,0.9676424350201067,0.0077414975029834986,0.001403152646661388,522.4452458914458,3044,1.0,0.044722046825075606,1.0,0.02075750506379706,500,3044,ok,initial,1.211181745876496
18,2,11,Percent,Billy Dee Williams;Sean Avery,0.04967216371945162,1,0.2283475381701682,0.007573924650981337,0.0585227523141184,3071.6810567557773,10066,1.0,0.06439294367534376,1.0,0.00923246873348274,500,10066,ok,smoothed_from_prev,1.282778365989425
18,3,9,Percent,,1.0,1,1.0,0.0,1e-06,500.0,500,1.0,,1.0,,500,500,ok,smoothed_from_prev,1.4349036669207864
18,4,9,Percent,,1.0,1,1.0,0.0,1e-06,500.0,500,1.0,,1.0,,500,500,ok,smoothed_from_prev,1.408198149855674
18,5,9,Percent,Cody Simpson,0.12068549360366884,1,0.5313970845084832,0.014949871967151045,0.04095821820379626,1114.16421869874,4143,1.0,0.06560522539762628,1.0,0.0020795310072082296,500,4143,ok,smoothed_from_prev,1.2069267695006616
18,6,8,Percent,Drew Carey,0.11590171534538711,1,0.48510696991283747,0.014220987774119473,0.05059680583980443,1235.0797505141998,4314,1.0,0.06823441032584027,1.0,9.918258475799524e-05,500,4314,ok,smoothed_from_prev,1.1416261637504803
18,7,7,Percent,NeNe Leakes,0.1601537475976938,1,0.9111555420197812,0.011989473147951468,0.007549954539001565,563.1481535863584,3122,1.0,0.0763258288167224,1.0,0.01938976769296985,500,3122,ok,smoothed_from_prev,1.0185050423017832
18,8,6,Percent,Danica McKellar,0.18096272167933405,1,0.5934909852759221,0.0158661973239149,0.058077595047179034,958.3819048668425,2763,1.0,0.07813362452224198,1.0,0.017873115453367006,500,2763,ok,smoothed_from_prev,0.8830145816053604
18,9,5,Percent,Charlie White,0.2311604253351826,1,0.6727495180839094,0.01638811075961914,0.06263632730705039,819.7395879887268,2163,1.0,0.08950204561621122,1.0,0.012042738098809014,500,2163,ok,smoothed_from_prev,0.785423793362758
19,1,13,Percent,Lolo Jones,0.19569471624266144,1,0.6279566081049692,0.016085065958834254,0.022462376203588562,902.978766195106,2555,1.0,0.04053171119271062,1.0,0.0008068863464430753,500,2555,ok,initial,1.2515474022393798
19,2,12,Percent,Tavis Smiley,0.11188185276348177,1,0.4619867573753378,0.01375816474078047,0.034272510106998576,1313.1111273787214,4469,1.0,0.055660039729127087,1.0,0.017160365928913346,500,4469,ok,smoothed_from_prev,1.477572738473629
19,3,11,Percent,Randy Couture,0.21340162185232608,1,0.651578998350561,0.016263923343439315,0.02773517234676732,858.2637409688587,2343,1.0,0.06339130433650075,1.0,0.0030388917002793503,500,2343,ok,smoothed_from_prev,1.4393410310281145
19,4,10,Percent,Betsey Johnson,0.08718395815170009,1,0.3563155633699869,0.011337445682333235,0.05402551607146475,1784.3389759796678,5735,1.0,0.05668395514294919,1.0,0.010634555860269124,500,5735,ok,smoothed_from_prev,1.336484803210263
19,5,9,Percent,,1.0,1,1.0,0.0,1e-06,500.0,500,1.0,,1.0,,500,500,ok,smoothed_from_prev,1.4213763132280426
19,6,9,Percent,Jonathan Bennett,0.07253735673872044,1,0.3091925691547026,0.010053918476904093,0.06769638074105788,2113.077032882397,6893,1.0,0.06291214644719628,1.0,0.0011200902915259048,500,6893,ok,smoothed_from_prev,1.159497241438353
19,7,8,Percent,Antonio Sabato Jr.,0.11322463768115942,1,0.4721771292340647,0.013978083864136404,0.053302891416355344,1275.551119588269,4416,1.0,0.06065201189201508,1.0,0.006813889549550034,500,4416,ok,smoothed_from_prev,1.1013207598141237
19,8,7,Percent,Michael Waltrip,0.2552322613578356,1,0.7162685628726304,0.016314522716308295,0.043100906506660756,763.544937851259,1959,1.0,0.07884830710227522,1.0,0.0002858757203507145,500,1959,ok,smoothed_from_prev,1.0785499322055085
19,9,6,Percent,Lea Thompson,0.1718213058419244,1,0.5730353595118253,0.015622502739011827,0.06346171613763568,1002.4716791951694,2910,1.0,0.07703189980008884,1.0,0.013660091001035157,500,2910,ok,smoothed_from_prev,0.9063106059519144
19,10,5,Percent,Tommy Chong,0.1589825119236884,1,0.9054223903009472,0.012270413039628263,0.013529085033322013,568.7497251975919,3145,1.0,0.08546351289395582,1.0,0.002592723798978125,500,3145,ok,smoothed_from_prev,0.8004212469896625
20,1,12,Percent,,1.0,1,1.0,0.0,1e-06,500.0,500,1.0,,1.0,,500,500,ok,initial,1.3707216321911988
20,2,12,Percent,Redfoo,0.04738887309259786,1,0.22055510346444943,0.007406861776437701,0.053461618218899554,3133.5313860848805,10551,1.0,0.05109408187844296,1.0,0.018306964061370376,500,10551,ok,smoothed_from_prev,1.412067485550575
20,3,11,Percent,Charlotte McKinney,0.20920502092050208,1,0.6532345274452093,0.0162406023508497,0.030250823651406692,858.8171617649325,2390,1.0,0.06219774245773882,1.0,0.011112801360425001,500,2390,ok,smoothed_from_prev,1.445916597454068
20,4,10,Percent,Michael Sam,0.11944577161968466,1,0.5203581365576795,0.014856231695005934,0.03526655781065029,1130.8424515529239,4186,1.0,0.06473216334058723,1.0,0.005887236375007265,500,4186,ok,smoothed_from_prev,1.3151190013064773
20,5,9,Percent,Suzanne Somers,0.12033694344163658,1,0.5303882734048386,0.014931493629882256,0.04012482393903954,1117.1881999449665,4155,1.0,0.061721019302080016,1.0,0.0038623425125027255,500,4155,ok,smoothed_from_prev,1.2582155476095602
20,6,8,Percent,Patti LaBelle,0.07478312892611427,1,0.3121237360225494,0.010112114573266833,0.0788101355202068,2099.680220912749,6686,1.0,0.06263981295091911,1.0,0.016943198679703453,500,6686,ok,smoothed_from_prev,1.0818637501314716
20,7,7,Percent,Willow Shields,0.1287001287001287,1,0.5857081034727956,0.01568843624475463,0.04167467634311173,985.8897627734959,3885,1.0,0.06832991220703374,1.0,0.0063615529411187866,500,3885,ok,smoothed_from_prev,1.0191083898445832
20,8,6,Percent,Chris Soules;Robert Herjavec,0.054543471146503764,1,0.24224474558823653,0.008003090476103945,0.11145851985629833,2865.945113939466,9167,1.0,0.07760519875365923,1.0,0.006179921652221421,500,9167,ok,smoothed_from_prev,0.7635017881808022
20,9,4,Percent,Nastia Liukin,0.3069367710251688,1,0.7677205544511542,0.015976462289435854,0.05362859053128588,698.6388168991211,1629,1.0,0.09687294170794702,1.0,0.009628343294279085,500,1629,ok,smoothed_from_prev,0.6623562342780558
21,1,13,Percent,,1.0,1,1.0,0.0,1e-06,500.0,500,1.0,,1.0,,500,500,ok,initial,1.3719399553270781
21,2,13,Percent,Chaka Khan;Kim Zolciak-Biermann;Victor Espinoza,0.01736231682755747,1,0.08986324563617816,0.0030237556906372864,0.06583497616279069,8945.30917813926,28798,1.0,0.056869195446677095,1.0,0.0007824870679571938,500,28798,ok,smoothed_from_prev,1.3900371409088355
21,3,10,Percent,,1.0,1,1.0,0.0,1e-06,500.0,500,1.0,,1.0,,500,500,ok,smoothed_from_prev,1.5057131151565837
21,4,10,Percent,Gary Busey,0.18882175226586104,1,0.6097170437865189,0.016018181587776487,0.03754490964681877,927.4307596929277,2648,1.0,0.07010579767759509,1.0,0.0020679554377217024,500,2648,ok,smoothed_from_prev,1.329560118592969
21,5,9,Percent,,1.0,1,1.0,0.0,1e-06,500.0,500,1.0,,1.0,,500,500,ok,smoothed_from_prev,1.434338571969771
21,6,9,Percent,Paula Deen,0.21579628830384118,1,0.6617118157830529,0.016249999053338834,0.0400884196361537,847.7133811779813,2317,1.0,0.06675099397222084,1.0,0.009557184934519874,500,2317,ok,smoothed_from_prev,1.2526362057655376
21,7,8,Percent,Hayes Grier,0.10752688172043011,1,0.4307865971876139,0.01311084457129667,0.060328784428947436,1426.5137517516634,4650,1.0,0.06656498408750461,1.0,0.010682591066412894,500,4650,ok,smoothed_from_prev,1.1118120844379473
21,8,7,Percent,Andy Grammer,0.1987281399046105,1,0.6276677578645957,0.016175239033319338,0.04485797015969027,893.2212599876271,2516,1.0,0.07827024734237609,1.0,0.0054381163991940595,500,2516,ok,smoothed_from_prev,1.011258871962618
21,9,6,Percent,Alexa PenaVega;Tamar Braxton,0.04189710072063013,1,0.1945302868295237,0.006511247946557833,0.11809209568288816,3695.7958643856937,11934,1.0,0.07021165704008642,1.0,0.0057255589495469605,500,11934,ok,smoothed_from_prev,0.7906325231322465
21,10,4,Percent,,1.0,1,1.0,0.0,1e-06,500.0,500,1.0,,1.0,,500,500,ok,smoothed_from_prev,0.8910185631741983
22,1,12,Percent,,1.0,1,1.0,0.0,1e-06,500.0,500,1.0,,1.0,,500,500,ok,initial,1.3840826313181378
22,2,12,Percent,Geraldo Rivera,0.30845157310302285,1,0.7732577264530764,0.015897393693672015,0.02020821918346361,693.753051103606,1621,1.0,0.0612297476554958,1.0,0.005149496374467488,500,1621,ok,smoothed_from_prev,1.5600667045945453
22,3,11,Percent,Mischa Barton,0.14434180138568128,1,0.7409425962895722,0.01612347921768035,0.014856345602840864,738.3513055996526,3464,1.0,0.06609796820459135,1.0,0.015174647836963734,500,3464,ok,smoothed_from_prev,1.4293699790304182
22,4,10,Percent,Marla Maples,0.15928639694170119,1,0.9084526819703884,0.012124345631685901,0.004890573067150727,565.7588032144233,3139,1.0,0.061414429138211074,1.0,0.009616217927535475,500,3139,ok,smoothed_from_prev,1.3366670181381008
22,5,9,Percent,,1.0,1,1.0,0.0,1e-06,500.0,500,1.0,,1.0,,500,500,ok,smoothed_from_prev,1.4061540595478006
22,6,9,Percent,Doug Flutie,0.1479727730097662,1,0.7763494628965973,0.015828301684758753,0.01764061408740051,693.0404188408303,3379,1.0,0.06613306475564884,1.0,0.012207440078849663,500,3379,ok,smoothed_from_prev,1.2259294297106271
22,7,8,Percent,Kim Fields;Von Miller,0.03266906239790918,1,0.15656166122814083,0.005269545645394532,0.09869529827095497,4755.458734397931,15305,1.0,0.07104968625119953,1.0,0.007502397167262476,500,15305,ok,smoothed_from_prev,0.977160627732159
22,8,6,Percent,Jodie Sweetin,0.08682062858135092,1,0.3481723267343052,0.011160954229872977,0.09401137562992419,1821.8993879370282,5759,1.0,0.06881859425408426,1.0,0.002956524605388977,500,5759,ok,smoothed_from_prev,0.8714725907760194
22,9,5,Percent,Antonio Brown;Wanya Morris,0.06765899864682003,1,0.28826350194417655,0.009414148838343813,0.12153176981406127,2314.9775033752367,7390,1.0,0.08583957422030525,1.0,0.0020246676956962584,500,7390,ok,smoothed_from_prev,0.6569987390394278
23,1,13,Percent,,1.0,1,1.0,0.0,1e-06,500.0,500,1.0,,1.0,,500,500,ok,initial,1.35235057862087
23,2,13,Percent,Jake T. Austin,0.13774104683195593,1,0.6748538482145344,0.016323447445267005,0.014976426413415997,823.501844807785,3630,1.0,0.05255482416140278,1.0,0.006288604926462979,500,3630,ok,smoothed_from_prev,1.569593099195745
23,3,12,Percent,Rick Perry,0.13962580284836637,1,0.6798486448317735,0.016327339498231543,0.01713454174789668,816.4634245047437,3581,1.0,0.05477401361185655,1.0,0.006219356408424914,500,3581,ok,smoothed_from_prev,1.493815380557854
23,4,11,Percent,Babyface;Vanilla Ice,0.05071508266558474,1,0.23010002776609786,0.0076585348923281634,0.05656438274256609,3020.366080265479,9859,1.0,0.05763652899927882,1.0,0.01190764137942088,500,9859,ok,smoothed_from_prev,1.279202215780838
23,5,9,Percent,,1.0,1,1.0,0.0,1e-06,500.0,500,1.0,,1.0,,500,500,ok,smoothed_from_prev,1.4376014791159302
23,6,9,Percent,Amber Rose,0.1692047377326565,1,0.5764832368577234,0.015651048333657037,0.03939453135302768,996.7136885101729,2955,1.0,0.06949438962014731,1.0,0.0011182275958905308,500,2955,ok,smoothed_from_prev,1.2818700498056412
23,7,8,Percent,Maureen McCormick,0.10377750103777501,1,0.41240578376267856,0.01264105626422983,0.06579361500383411,1516.4759635321473,4818,1.0,0.06797914563122265,1.0,0.006869746251739556,500,4818,ok,smoothed_from_prev,1.1275299674543249
23,8,7,Percent,Ryan Lochte,0.15969338869370808,1,0.9103680760582356,0.012003609554924544,0.008626572959113031,566.3123300195232,3131,1.0,0.07394044340811604,1.0,0.0020762496711372314,500,3131,ok,smoothed_from_prev,1.0335966266249044
23,9,6,Percent,Marilu Henner,0.11170688114387846,1,0.46266948219615134,0.013736479853385086,0.0775124093304932,1317.5328562302725,4476,1.0,0.0668278422295252,1.0,0.00159700908634558,500,4476,ok,smoothed_from_prev,0.9017311102654167
23,10,5,Percent,Terra Jole,0.11674060238150828,1,0.497823103656281,0.014461023000464313,0.08041182265546763,1195.4564032520295,4283,1.0,0.07864976422996128,1.0,0.0010729554999347468,500,4283,ok,smoothed_from_prev,0.7168998205816853
24,1,12,Percent,,1.0,1,1.0,0.0,1e-06,500.0,500,1.0,,1.0,,500,500,ok,initial,1.3756319601324767
24,2,12,Percent,Chris Kattan,0.16722408026755853,1,0.5706276354819425,0.015532782631280643,0.030540942752611187,1015.5197172294239,2990,1.0,0.05958803237007801,1.0,0.02255781166505119,500,2990,ok,smoothed_from_prev,1.5222064835963012
24,3,11,Percent,Charo,0.18031013342949873,1,0.5951692298085643,0.015810977968564375,0.03169677380577331,963.82129572806,2773,1.0,0.06387387752949442,1.0,0.006286238033513275,500,2773,ok,smoothed_from_prev,1.4126928767072955
24,4,10,Percent,Mr. T,0.12124151309408342,1,0.5301227207019439,0.014952450962190422,0.035171880307129054,1114.1305681902666,4124,1.0,0.061823178034016685,1.0,0.0011592681881181233,500,4124,ok,smoothed_from_prev,1.2866810152869685
24,5,9,Percent,Erika Jayne,0.10933741526350317,1,0.44396672634193424,0.01332467495949308,0.051989002735468116,1390.3942280015867,4573,1.0,0.06655476406697669,1.0,0.001719621911515895,500,4573,ok,smoothed_from_prev,1.2103977999873186
24,6,8,Percent,Heather Morris,0.07973210014351778,1,0.32892013123064917,0.01062474656622973,0.0695986137454363,1955.3635115683408,6271,1.0,0.06212753249817565,1.0,0.008027483681168207,500,6271,ok,smoothed_from_prev,1.0708127909362926
24,7,7,Percent,Nancy Kerrigan;Nick Viall,0.07155123068116771,1,0.30468961942310485,0.009894049202266959,0.0784318744910416,2164.154390508095,6988,1.0,0.08152567101283142,1.0,0.00017002038269631203,500,6988,ok,smoothed_from_prev,0.9229732383210376
24,8,5,Percent,Bonner Bolton,0.27624309392265195,1,0.7377934337218301,0.01622431508710855,0.0462955964955879,734.9293725340349,1810,1.0,0.09479990471738131,1.0,0.02381010408781814,500,1810,ok,smoothed_from_prev,0.814999293531371
24,9,4,Percent,Simone Biles,0.20610057708161583,1,0.6427735176454065,0.01621716405352381,0.0762412069607456,873.0755021047534,2426,1.0,0.08520417164686628,1.0,0.0023712136657118577,500,2426,ok,smoothed_from_prev,0.6495665963587463
25,1,13,Percent,,1.0,1,1.0,0.0,1e-06,500.0,500,1.0,,1.0,,500,500,ok,initial,1.3834085921626738
25,2,13,Percent,Barbara Corcoran;Debbie Gibson,0.028699345654919068,1,0.14176956150085515,0.004840132931737834,0.056267243953448,5193.645830433033,17422,1.0,0.05451261499234383,1.0,0.010578912688485861,500,17422,ok,smoothed_from_prev,1.423226277341143
25,3,11,Percent,,1.0,1,1.0,0.0,1e-06,500.0,500,1.0,,1.0,,500,500,ok,smoothed_from_prev,1.5772414504838046
25,4,11,Percent,Derek Fisher,0.09600614439324116,1,0.38059509086008897,0.012016571489998925,0.04506589476737905,1632.5882864594253,5208,1.0,0.061208225740470856,1.0,0.030386676742034296,500,5208,ok,smoothed_from_prev,1.3993430484764
25,5,10,Percent,Sasha Pieterse,0.1211827435773146,1,0.5275438013541484,0.014910128266336815,0.035792144281033215,1121.133466404042,4126,1.0,0.06279193346077522,1.0,0.007395989027229322,500,4126,ok,smoothed_from_prev,1.3242856944223969
25,6,9,Percent,Nick Lachey,0.18389113644722324,1,0.6053466085483525,0.01590453101916473,0.039802066596994604,944.4483624234272,2719,1.0,0.06597659257049537,1.0,0.0028264102927379187,500,2719,ok,smoothed_from_prev,1.2752944770327157
25,7,8,Percent,Nikki Bella;Vanessa Lachey,0.04799385678633135,1,0.21957064877452595,0.007321678468386698,0.08167224999423345,3196.5873297474573,10418,1.0,0.0656683504746895,1.0,0.0005020074901176397,500,10418,ok,smoothed_from_prev,0.9869454446464615
25,8,6,Percent,Terrell Owens,0.12836970474967907,1,0.5974624594406099,0.015753362362279262,0.054050028793398715,969.1042214764889,3895,1.0,0.07162266689794206,1.0,0.0035797388151251885,500,3895,ok,smoothed_from_prev,0.8884001390159418
25,9,5,Percent,Victoria Arlen,0.15403573629081946,1,0.8420022067695847,0.014594449566742884,0.02120432590056403,624.5810603835633,3246,1.0,0.08217510120720273,1.0,0.01530236747770114,500,3246,ok,smoothed_from_prev,0.7715752921908943
26,1,10,Percent,Jamie Anderson;Johnny Damon,0.055297500552975005,1,0.24756431892357375,0.00819902272564361,0.05538293772228592,2770.9791134000734,9042,1.0,0.05609223308582695,1.0,0.001720825950405791,500,9042,ok,initial,1.068554383552073
26,2,8,Percent,Arike Ogunbowale;Kareem Abdul-Jabbar,0.030424729219909942,1,0.14845770037970638,0.0050051281276845706,0.09440212505873971,5046.363795643143,16434,1.0,0.06712311525295606,1.0,0.0019062380968685178,500,16434,ok,smoothed_from_prev,0.9618415895558532
26,3,6,Percent,Chris Mazdzer;Jennie Finch Daigle;Mirai Nagasu,0.1001401962747847,1,0.38345252955224285,0.0119898311824792,0.08230955512440641,1644.5685882280595,4993,1.0,0.09012849867873879,1.0,0.002355720826833274,500,4993,ok,smoothed_from_prev,0.7797064768265721
27,1,13,Percent,Nikki Glaser,0.1201634222542658,1,0.5283570774453518,0.014882801738623453,0.022785014827388105,1125.0490529445308,4161,1.0,0.03721521317504124,1.0,0.01283419823743856,500,4161,ok,initial,1.2076901021378652
27,2,12,Percent,Danelle Umstead,0.15552099533437014,1,0.8625947495279883,0.013978724333178443,0.00737382937360288,606.5618022593554,3215,1.0,0.05953319147934444,1.0,0.0010718858312896984,500,3215,ok,smoothed_from_prev,1.5085194137883928
27,3,11,Percent,Nancy McKeon,0.14396775122372588,1,0.7346628191185026,0.016213648652483405,0.015212077630429192,741.5230512806723,3473,1.0,0.06016642760143895,1.0,0.01309047744774966,500,3473,ok,smoothed_from_prev,1.420523821071095
27,4,10,Percent,Tinashe,0.04710759374411155,1,0.2184376669545235,0.007365829177965883,0.06357985372284634,3146.6458340301697,10614,1.0,0.05644680051372386,1.0,0.001662865090481358,500,10614,ok,smoothed_from_prev,1.264381223720909
27,5,9,Percent,,1.0,1,1.0,0.0,1e-06,500.0,500,1.0,,1.0,,500,500,ok,smoothed_from_prev,1.4613284773133834
27,6,9,Percent,Mary Lou Retton,0.13900472616068946,1,0.6886652230672652,0.016303192324854558,0.02413141835945874,806.6599286942247,3597,1.0,0.06198633666208986,1.0,0.020689559249430445,500,3597,ok,smoothed_from_prev,1.2353783985259774
27,7,8,Percent,DeMarcus Ware;John Schneider,0.02426124508709787,1,0.12162316616716698,0.00408250538533214,0.10640564917675957,6409.787704357637,20609,1.0,0.05935874716668166,1.0,0.009115875134609847,500,20609,ok,smoothed_from_prev,0.9875370946140823
27,8,6,Percent,Joe Amabile;Juan Pablo Di Pace,0.04769172071728348,1,0.21928283729262374,0.007287007893506005,0.11340420673513354,3224.036045179895,10484,1.0,0.07757034628912529,1.0,0.00022672245994714846,500,10484,ok,smoothed_from_prev,0.7421674841590229
28,1,12,Rank,,1.0,1,1.0,0.0,1e-06,500.0,500,1.0,,1.0,,500,500,ok,initial,1.3606806179715256
28,2,12,Rank,Mary Wilson;Ray Lewis,0.09801999607920016,1,0.3626648506463048,0.011269550374534691,0.22964818989740576,1819.9529402342546,5101,1.0,7.5,1.0,4.5,500,5101,ok,smoothed_from_prev,1.4742994561146514
28,3,10,Rank,,1.0,1,1.0,0.0,1e-06,500.0,500,1.0,,1.0,,500,500,ok,smoothed_from_prev,1.5262496247195185
28,4,10,Rank,Lamar Odom,0.22583559168925021,1,0.632304054913521,0.016085267125676362,0.15711883970691562,898.5831122934296,2214,1.0,5.5,1.0,0.0,500,2214,ok,smoothed_from_prev,1.366027377470655
28,5,9,Rank,,1.0,1,1.0,0.0,1e-06,500.0,500,1.0,,1.0,,500,500,ok,smoothed_from_prev,1.4200025173482926
28,6,9,Rank,Sailor Brinkley-Cook,2e-05,1,0.00011199063451962349,5.6770685378705856e-05,0.7086805555555555,34744.39796895956,100000,1.0,0.0,1.0,0.5,2,100000,fallback_reduce_accept,smoothed_from_prev,0.20594230581326586
28,7,8,Rank,Karamo Brown,0.018730099269526127,1,0.0813403629806947,0.002579236116739614,0.44642857142857145,11232.55459952653,26695,1.0,3.0,1.0,1.0,500,26695,ok,smoothed_from_prev,1.1927802104616527
28,8,7,Rank,Kate Flannery,0.11140819964349376,1,0.3904275335569817,0.01241796354582194,0.2640467171717172,1543.3521038255437,4488,1.0,4.0,1.0,1.0,500,4488,ok,smoothed_from_prev,1.0768948018461038
28,9,6,Rank,Sean Spicer,0.10292301358583779,1,0.4946144690001166,0.013007554710099215,0.2129202689721422,1477.4006926209804,4858,0.0,1.0,1.0,0.0,500,4858,ok,smoothed_from_prev,1.137795568181933
28,10,5,Rank,James Van Der Beek,0.9345794392523364,1,0.9980039920140567,0.001994014966027601,0.02248831775700935,501.00000000191903,535,1.0,4.5,1.0,4.5,500,535,ok,smoothed_from_prev,0.9810317028110974
29,1,15,Rank,,1.0,1,1.0,0.0,1e-06,500.0,500,1.0,,1.0,,500,500,ok,initial,1.3885136751482312
29,2,15,Rank,Charles Oakley,0.28868360277136257,1,0.7185669083038806,0.01627365648790222,0.11963105777337882,763.6108415989069,1732,1.0,11.0,1.0,1.0,500,1732,ok,smoothed_from_prev,1.748172678689165
29,3,14,Rank,Carole Baskin,0.2986857825567503,1,0.7619157147499537,0.016011393486712027,0.10376971818504074,707.5862754675323,1674,1.0,7.0,1.0,8.5,500,1674,ok,smoothed_from_prev,1.665345894951384
29,4,13,Rank,Anne Heche,0.17464198393293748,1,0.585434259440219,0.015502372833864447,0.16239577455958876,1009.892595629556,2863,1.0,8.0,1.0,1.0,500,2863,ok,smoothed_from_prev,1.5998982470909793
29,5,12,Rank,Jesse Metcalfe,0.3056234718826406,1,0.7752279970992285,0.0157433560883896,0.11776228050677928,703.0351303906725,1636,1.0,7.0,1.0,0.5,500,1636,ok,smoothed_from_prev,1.5689101282801978
29,6,11,Rank,Veron Davis,0.26455026455026454,1,0.769201538376326,0.015638708865653266,0.152677569344236,725.8907534497062,1890,1.0,6.0,1.0,5.0,500,1890,ok,smoothed_from_prev,1.4702302896071842
29,7,10,Rank,Jeannie Mai;Monica Aldama,0.08952551477170993,1,0.33780102957935076,0.010465363224414045,0.25768240823634736,2042.4002636328923,5585,1.0,6.0,1.0,0.0,500,5585,ok,smoothed_from_prev,1.3020438422454812
29,8,8,Rank,Chrishell Stause,0.1394700139470014,1,0.6848357900447455,0.016119187043137268,0.10624626419605497,830.6863467918187,3585,1.0,4.0,1.0,0.5,500,3585,ok,smoothed_from_prev,1.1861432943759511
29,9,7,Rank,AJ McLean,0.28868360277136257,1,0.607189938394548,0.01645495769814092,0.1549663889805345,880.8736714426822,1732,1.0,3.5,1.0,1.5,500,1732,ok,smoothed_from_prev,1.121880349167762
29,10,6,Rank,Johnny Weir;Skai Jackson,0.19546520719311963,1,0.5904671784524173,0.015577971490653387,0.13028977716966378,996.4664159218206,2558,1.0,1.5,1.0,0.0,500,2558,ok,smoothed_from_prev,0.9289145390886272
30,1,15,Rank,,1.0,1,1.0,0.0,1e-06,500.0,500,1.0,,1.0,,500,500,ok,initial,1.395819303807878
30,2,15,Rank,Martin Kove,0.31133250311332505,1,0.7598160200842841,0.015961045291673553,0.11905947933345193,716.3575179627003,1606,1.0,6.0,1.0,10.0,500,1606,ok,smoothed_from_prev,1.743841341480863
30,3,14,Rank,Christine Chiu,0.01407578402116998,1,0.07280803138316301,0.0025019189584888518,0.3220421245421251,10784.561057797371,35522,1.0,3.0,1.0,0.5,500,35522,ok,smoothed_from_prev,1.5628899280530635
30,4,13,Rank,Brian Austin Green;Matt James,0.08815232722143865,1,0.3236090284773388,0.010146527262628605,0.18575174825174823,2126.0994660552524,5672,1.0,10.5,1.0,2.5,500,5672,ok,smoothed_from_prev,1.570127086524626
30,5,11,Rank,Melanie C,0.03618992472495657,1,0.17760058168718462,0.005951390224889905,0.2625,4123.730963399949,13816,1.0,2.0,1.0,0.5,500,13816,ok,smoothed_from_prev,1.3464519099566696
30,6,10,Rank,Kenya Moore,0.350385423966363,1,0.7417237840675858,0.016285273535814902,0.10191252043914974,722.3314178393495,1427,1.0,6.5,1.0,0.5,500,1427,ok,smoothed_from_prev,1.4484706722728975
30,7,9,Rank,"Mike ""The Miz"" Mizanin",0.22727272727272727,1,0.5953889827550028,0.015714120074552293,0.16808712121212124,975.5698354201722,2200,1.0,5.0,1.0,0.0,500,2200,ok,smoothed_from_prev,1.3698438407704265
30,8,8,Rank,Jimmie Allen;Olivia Jade,0.40096230954290296,1,0.8040831932671819,0.015708593680275825,0.07810620489174018,638.4076251177536,1247,1.0,4.0,1.0,1.0,500,1247,ok,smoothed_from_prev,1.2174684990335893
30,9,6,Rank,Melora Hardin;Suni Lee,0.30175015087507545,1,0.8927257505811789,0.012508805908730578,0.06776805471736069,612.0428641929485,1657,1.0,2.5,1.0,0.5,500,1657,ok,smoothed_from_prev,0.9963042204403142
31,1,16,Rank,Jason Lewis,0.21026072329688814,1,0.5983427964769049,0.015999676425045226,0.14372371740958786,938.8219344503361,2378,1.0,6.5,1.0,1.0,500,2378,ok,initial,1.3093859562958108
31,2,15,Rank,Teresa Giudice,0.25,1,0.7391335768551228,0.01585309350588437,0.14765625,767.2079113021359,2000,1.0,8.5,1.0,4.0,500,2000,ok,smoothed_from_prev,1.7833580385545027
31,3,14,Rank,Cheryl Ladd,0.1808972503617945,1,0.525337452671288,0.015068314769040705,0.16564398427187862,1098.2316660786878,2764,1.0,6.0,1.0,3.0,500,2764,ok,smoothed_from_prev,1.6798312578333925
31,4,13,Rank,Sam Champion,0.21385799828913601,1,0.6473466235224001,0.016197659032637247,0.12391323122984801,870.1225584968848,2338,1.0,8.5,1.0,1.5,500,2338,ok,smoothed_from_prev,1.5952480874663952
31,5,12,Rank,Joseph Baena;Selma Blair,0.00256,1,0.013511344899701284,0.0008562117722982941,0.43524305555555554,18181.440363520913,50000,1.0,3.0,1.0,0.0,128,50000,ok,smoothed_from_prev,1.219719377676874
31,6,10,Rank,Jessie James Decker,0.32216494845360827,1,0.7647341068301544,0.015994841576657162,0.09480419530355097,703.2496838850108,1552,1.0,5.5,1.0,0.5,500,1552,ok,smoothed_from_prev,1.4864082618481507
31,7,9,Rank,Jordin Sparks,0.2035002035002035,1,0.609076767859545,0.01558027096044424,0.18091168091168092,980.874631871353,2457,1.0,4.0,1.0,0.0,500,2457,ok,smoothed_from_prev,1.3473902458833302
31,8,8,Rank,Heidi D'Amelio;Vinny Guadagnino,0.15738117721120554,1,0.8583834882274922,0.013880360519643167,0.051319378868953935,630.9482718153548,3177,1.0,1.5,1.0,0.0,500,3177,ok,smoothed_from_prev,1.324970504251764
31,9,6,Rank,Daniel Durant;Trevor Donovan,0.02932551319648094,1,0.12191292797535704,0.004014329863847534,0.22439236111111113,6642.953805119673,17050,1.0,0.5,1.0,0.5,500,17050,ok,smoothed_from_prev,1.0552921645510807
32,1,14,Rank,Matt Walsh,0.25680534155110424,1,0.7349574484203794,0.01599756917980688,0.12885419665080683,761.1492182605914,1947,1.0,9.5,1.0,1.0,500,1947,ok,initial,1.28650335635908
32,2,13,Rank,Jamie Lynn Spears,0.0799744081893794,1,0.3196822789931501,0.010364326530789216,0.25,2024.6416751327708,6252,1.0,6.0,1.0,0.0,500,6252,ok,smoothed_from_prev,1.5702837137505865
32,3,12,Rank,Tyson Beckford,0.35335689045936397,1,0.823046053901803,0.014881196972069435,0.11109540636042405,657.6709492914049,1415,1.0,9.0,1.0,0.5,500,1415,ok,smoothed_from_prev,1.5781102954632986
32,4,11,Rank,Adrian Peterson,0.04353125544140693,1,0.18587678809584351,0.006380938506449567,0.35000000000000003,3716.6030423207685,11486,1.0,4.0,1.0,0.5,500,11486,ok,smoothed_from_prev,1.3957933352226588
32,5,10,Rank,Mira Sorvino,0.24248302618816683,1,0.6952058382755385,0.016280143302868328,0.16495258109710126,799.4726439422544,2062,1.0,4.0,1.0,0.0,500,2062,ok,smoothed_from_prev,1.397160400826464
32,6,9,Rank,Mauricio Umansky,0.0888572951839346,1,0.3372570278894389,0.010548967292894168,0.375,2008.566652094604,5627,1.0,5.0,1.0,0.0,500,5627,ok,smoothed_from_prev,1.2271126432831414
32,7,8,Rank,Lele Pons,0.04307003187182359,1,0.19481966851955954,0.006563018154086989,0.2933035714285711,3641.8222636213736,11609,1.0,1.0,1.0,0.5,500,11609,ok,smoothed_from_prev,1.0216819915845523
32,8,7,Rank,Barry Williams,0.06517205422314912,1,0.20095661433878156,0.006772058067033512,0.4047619047619047,3501.316089333176,7672,1.0,1.0,1.0,1.0,500,7672,ok,smoothed_from_prev,1.0693733446465608
32,9,6,Rank,Harry Jowsey,0.13974287311347122,1,0.6296102081263507,0.015635481257131784,0.15421324762437116,953.9118921168265,3578,1.0,0.0,1.0,0.0,500,3578,ok,smoothed_from_prev,1.150520199970028
32,10,5,Rank,,1.0,1,1.0,0.0,1e-06,500.0,500,1.0,,1.0,,500,500,ok,smoothed_from_prev,1.0390540062520304
33,1,13,Rank,,1.0,1,1.0,0.0,1e-06,500.0,500,1.0,,1.0,,500,500,ok,initial,1.3560602716130765
33,2,13,Rank,Anna Delvey;Tori Spelling,0.04053177691309987,1,0.17825535285701224,0.00577217757757047,0.31993006993006995,4396.429335895264,12336,1.0,8.0,1.0,2.5,500,12336,ok,smoothed_from_prev,1.5169535422048883
33,3,11,Rank,Eric Roberts;Reginald VelJohnson,0.08887308922858159,1,0.3424628150752457,0.010428614270900709,0.21464646464646464,2070.5252533472612,5626,1.0,9.0,1.0,3.0,500,5626,ok,smoothed_from_prev,1.415352836749992
33,4,9,Rank,Brooks Nader,0.1263902932254803,1,0.6786497294334034,0.01599123122614127,0.1084718360296596,852.826219870253,3956,1.0,4.0,1.0,1.0,500,3956,ok,smoothed_from_prev,1.2132564684235316
33,5,8,Rank,Phaedra Parks,0.2670940170940171,1,0.7643913954122787,0.015617307140545772,0.14751996050824176,738.4050084619289,1872,1.0,4.5,1.0,3.0,500,1872,ok,smoothed_from_prev,1.2477042280571535
33,6,7,Rank,Jenn Tran,0.03411106562969027,1,0.153023049952446,0.005306716702251307,0.4017857142857143,4602.31815801119,14658,1.0,1.0,1.0,1.0,500,14658,ok,smoothed_from_prev,0.9797645129106863
33,7,6,Rank,Dwight Howard,0.3933910306845004,1,0.8255361498265343,0.01515781687337886,0.11648308418568058,626.8566483192839,1271,1.0,2.0,1.0,0.0,500,1271,ok,smoothed_from_prev,1.0750312767843322
33,8,5,Rank,,1.0,1,1.0,0.0,1e-06,500.0,500,1.0,,1.0,,500,500,ok,smoothed_from_prev,1.0480861248046374
34,1,14,Rank,,1.0,1,1.0,0.0,1e-06,500.0,500,1.0,,1.0,,500,500,ok,initial,1.394941214137514
34,2,14,Rank,Baron Davis;Corey Feldman,0.10296540362438221,1,0.39014144495681535,0.011892955463190854,0.19688915774299834,1682.1767397562035,4856,1.0,8.0,1.0,3.0,500,4856,ok,smoothed_from_prev,1.5725245443330629
34,3,12,Rank,Lauren Jauregui,0.3324468085106383,1,0.8209515936021394,0.014943891987864881,0.10779419863528904,658.2040806326478,1504,1.0,4.0,1.0,1.0,500,1504,ok,smoothed_from_prev,1.5699910680096598
34,4,11,Rank,Hilaria Baldwin,0.03151790216843167,1,0.15372859687884796,0.005296623805103196,0.29545454545454547,4637.309398387324,15864,1.0,4.0,1.0,1.5,500,15864,ok,smoothed_from_prev,1.3399319531357154
34,5,10,Rank,,1.0,1,1.0,0.0,1e-06,500.0,500,1.0,,1.0,,500,500,ok,smoothed_from_prev,1.557178394381427
34,6,10,Rank,Scott Hoying,0.1926782273603083,1,0.630492471965344,0.015889975919962655,0.17340023549561123,922.6919213011739,2595,1.0,6.5,1.0,0.0,500,2595,ok,smoothed_from_prev,1.412406517579811
34,7,9,Rank,Jen Affleck,0.23386342376052385,1,0.7185342148134082,0.015883341638829734,0.20656352315247895,801.6583271170332,2138,1.0,3.0,1.0,0.0,500,2138,ok,smoothed_from_prev,1.2970565206596687
34,8,8,Rank,Danielle Fishel,0.254323499491353,1,0.6721485115216165,0.016415967322577895,0.14959160641621858,817.7290813967431,1966,1.0,5.0,1.0,1.5,500,1966,ok,smoothed_from_prev,1.2692188839282352
34,9,7,Rank,Andy Richter,0.1223091976516634,1,0.5221675193077155,0.015101250372252243,0.1306720890410959,1094.1067696445773,4088,1.0,2.0,1.0,1.0,500,4088,ok,smoothed_from_prev,1.1540737812979285
34,10,6,Rank,Whitney Leavitt,0.12339585389930899,1,0.5671940338952677,0.014757310301711825,0.1566448667324778,1127.224642016117,4052,1.0,1.0,1.0,0.0,500,4052,ok,smoothed_from_prev,0.8820434551135863
